id,start_date,end_date,guest_id,total
2,2021-03-23,2021-03-26,35,1020
3,2021-04-23,2021-04-26,410,1190
7,2021-05-02,2021-05-08,699,2125
1,2021-07-30,2021-08-04,640,1700
14,2021-08-08,2021-08-12,1,1360
9,2021-10-04,2021-10-07,287,1020
12,2021-10-19,2021-10-20,200,340
13,2021-11-01,2021-11-08,150,2550
10,2021-12-14,2021-12-15,866,340
6,2021-12-25,2021-12-30,554,1785
11,2022-01-16,2022-01-17,524,340
5,2022-01-26,2022-02-01,933,2210
8,2022-03-13,2022-03-15,570,680
4,2022-03-17,2022-03-22,494,1870
